{
  "population": {
    "tp": 477,
    "fp": 105,
    "tn": 1345,
    "fn": 73,
    "accuracy": 0.911,
    "precision": 0.8195876288659794,
    "recall": 0.8672727272727273,
    "f1": 0.842756183745583,
    "n": 2000
  },
  "test_set": {
    "tp": 69,
    "fp": 20,
    "tn": 198,
    "fn": 13,
    "accuracy": 0.8933333333333333,
    "precision": 0.7764705882352941,
    "recall": 0.8354430379746836,
    "f1": 0.8048780487804879,
    "auc": 0.9532046508963858,
    "n": 300,
    "n_pos": 82,
    "n_neg": 218
  }
}